Toppagina's,Aantal klikken,Vertoningen,CTR,Positie
https://www.diversions.nl/,45,647,6.96%,11.76
https://www.diversions.nl/coping-stijlen-hoe-mensen-omgaan-met-een-ziekte/,21,6767,0.31%,9.61
https://www.diversions.nl/propositie-creatie-van-concept-naar-succes/,17,10098,0.17%,23.93
https://www.diversions.nl/wij-zijn-diversions/,17,252,6.75%,5.98
https://www.diversions.nl/pretest/,12,1255,0.96%,17.68
https://www.diversions.nl/template-patient-journey/,12,1024,1.17%,37.37
https://www.diversions.nl/communicatie-strategie/,9,6315,0.14%,29.58
https://www.diversions.nl/diary-study/,9,573,1.57%,13.82
https://www.diversions.nl/gebruikerstest-voorbeeld/,6,1221,0.49%,31.44
https://www.diversions.nl/framing-ontdek-het-breingeheim/,6,902,0.67%,31.12
https://www.diversions.nl/google-rankings-meten/,5,16226,0.03%,26.51
https://www.diversions.nl/samenwerken-met-generatie-z-lees-ons-boek/,5,539,0.93%,16.56
https://www.diversions.nl/wat-is-een-unique-selling-point-usp-check/,4,7688,0.05%,13.74
https://www.diversions.nl/marketing-propositie-aan-de-slag-met-het-stappenplan/,4,6518,0.06%,31.4
https://www.diversions.nl/waardepropositie-ontwikkelen-template/,4,3092,0.13%,42.51
https://www.diversions.nl/wat-is-een-pretest-zo-bespaar-je-tijd-en-marketingbudget/,4,1522,0.26%,13.25
https://www.diversions.nl/online-onderzoek/,4,1376,0.29%,31.16
https://www.diversions.nl/online-marketing-apeldoorn/,3,5833,0.05%,31.76
https://www.diversions.nl/wanneer-is-google-opgericht/,3,4742,0.06%,8.59
https://www.diversions.nl/design-sprint/,3,3760,0.08%,32
https://www.diversions.nl/gebruikerstest-vier-stappen/,3,1253,0.24%,14.69
https://www.diversions.nl/patient-ervaring/,3,928,0.32%,27.26
https://www.diversions.nl/micro-journey-de-waardevolle-verdieping-op-customer-journeys/,3,499,0.6%,42.73
https://www.diversions.nl/priming-de-waarde-voor-marketing/,3,497,0.6%,17.29
https://www.diversions.nl/eyetracking-simulatie/,3,308,0.97%,33.18
https://www.diversions.nl/patient-journey/,2,881,0.23%,40.46
https://www.diversions.nl/voorbeelden-van-pretesting/,2,490,0.41%,21.53
https://www.diversions.nl/nalaten-aan-een-goed-doel-de-drijfveren-onderzocht/,2,49,4.08%,44.37
https://www.diversions.nl/customer-journey/,1,5430,0.02%,69.89
https://www.diversions.nl/onderzoeksbureau/,1,936,0.11%,40.76
https://www.diversions.nl/seo-calculator/,1,588,0.17%,35.96
https://www.diversions.nl/groepsdiscussie/,1,378,0.26%,5.3
https://www.diversions.nl/cases-overzichtspagina/pensioencursus/,1,277,0.36%,16.41
https://www.diversions.nl/sociaal-bewijs-ontdek-het-breingeheim-van-neuromarketing/,1,269,0.37%,18.91
https://www.diversions.nl/cases-overzichtspagina/case-caser/,1,162,0.62%,8.84
https://www.diversions.nl/seo-voor-google-en-bing-3-verschillen/,1,155,0.65%,14.88
https://www.diversions.nl/goede-doelen-marketing/,1,97,1.03%,41.28
https://www.diversions.nl/beleving-verbeteren/,1,93,1.08%,9.92
https://www.diversions.nl/wp-content/uploads/2017/09/generationjourney-ebook.pdf,1,74,1.35%,4.72
https://www.diversions.nl/onderzoeksbureau-fondsenwerving/,1,71,1.41%,9.69
https://www.diversions.nl/thema/fondsenwerving/,1,58,1.72%,15.07
https://www.diversions.nl/cbs-vijftigduizend-bedrijven-verdienen-vooral-online/,1,42,2.38%,20.1
https://www.diversions.nl/cases-overzichtspagina/case-rodekruis/,1,24,4.17%,25.12
https://www.diversions.nl/privacy-statement-pensioencursus/,1,14,7.14%,26.43
https://www.diversions.nl/conversie-optimalisatie-specialist/,0,11410,0%,27.04
https://www.diversions.nl/seo-marketing/linkbuilding-wat-is-het/,0,7419,0%,44.68
https://www.diversions.nl/productlancering/,0,7226,0%,33.63
https://www.diversions.nl/seo-diensten-die-bouwen-aan-je-online-succes/,0,6684,0%,23.76
https://www.diversions.nl/conversie-optimalisatie-bureau/,0,5584,0%,37.61
https://www.diversions.nl/online-marketing-amersfoort/,0,5222,0%,44.54
https://www.diversions.nl/ab-testen/,0,5005,0%,34.76
https://www.diversions.nl/kpi-dashboards-meer-inzicht-betrokkenheid/,0,4806,0%,41.12
https://www.diversions.nl/online-marketing-amsterdam/,0,3608,0%,54.93
https://www.diversions.nl/gebruikerstesten/,0,3389,0%,45.35
https://www.diversions.nl/marketing-automation/,0,2910,0%,75.9
https://www.diversions.nl/conversie-optimalisatie/,0,2763,0%,56.62
https://www.diversions.nl/propositie-creatie-van-concept-naar-succes/#checklist-propositie-ontwikkeling,0,1269,0%,6.02
https://www.diversions.nl/propositie-creatie-van-concept-naar-succes/#de-basis-van-proposities,0,1244,0%,5.92
https://www.diversions.nl/innovatie-hoe-maak-goed-idee-zakelijk-succes/,0,1193,0%,48.42
https://www.diversions.nl/gravity-forms-formulieren/,0,1099,0%,35.91
https://www.diversions.nl/seo-marketing/organisch-en-betaald-zoekverkeer/,0,973,0%,25.13
https://www.diversions.nl/customerjourney-optimalisatie-personalisatie/,0,970,0%,37.94
https://www.diversions.nl/optimaliseer-je-landingspagina/,0,713,0%,28.92
https://www.diversions.nl/seo-resultaten-meten-met-google-analytics/,0,661,0%,25.07
https://www.diversions.nl/template-customer-journey/,0,634,0%,44.29
https://www.diversions.nl/mautic-de-marketing-automation-tool-langs-de-meetlat/,0,572,0%,13.92
https://www.diversions.nl/innovatiebureau/,0,547,0%,15.22
https://www.diversions.nl/propositie-creatie-van-concept-naar-succes/#inspiratie-voor-je-projecten,0,495,0%,6.41
https://www.diversions.nl/marketing-propositie-aan-de-slag-met-het-stappenplan/#het-marketing-propositie-stappenplan,0,491,0%,8.13
https://www.diversions.nl/marketing-propositie-aan-de-slag-met-het-stappenplan/#waarom-is-een-marketing-propositie-belangrijk,0,491,0%,8.13
https://www.diversions.nl/uitdaging-voor-het-begrijpen-van-de-customer-journey/,0,475,0%,12.4
https://www.diversions.nl/cro-doorlopende-groei/,0,462,0%,43.83
https://www.diversions.nl/nps-enquete/,0,394,0%,22.43
https://www.diversions.nl/seo-marketing/,0,370,0%,57.63
https://www.diversions.nl/leadgeneratie-marketing-automation-hoe-laat-je-leads-converteren/,0,353,0%,38.67
https://www.diversions.nl/content-opfrisbeurt/,0,328,0%,13.98
https://www.diversions.nl/beperkte-keuze-de-waarde-voor-marketing/,0,286,0%,29.99
https://www.diversions.nl/besparen-op-marketingkosten-doe-het-met-beleid/,0,282,0%,28.2
https://www.diversions.nl/customerjourney-mapping-de-route/,0,279,0%,35.54
https://www.diversions.nl/onderzoeksbureau-zorg/,0,271,0%,24.83
https://www.diversions.nl/seo-marketing/wat-is-een-zoekwoord/,0,259,0%,51.19
https://www.diversions.nl/kpi-bij-marketing-automation/,0,250,0%,33.48
https://www.diversions.nl/hubspot-marketing-automation-tools-langs-de-meetlat/,0,227,0%,38.52
https://www.diversions.nl/pretest/#pp-toc-awl8by74ispz-anchor-0,0,214,0%,5.85
https://www.diversions.nl/pretest/#pp-toc-awl8by74ispz-anchor-1,0,214,0%,5.85
https://www.diversions.nl/kpi-online-resultaat/,0,189,0%,38.45
https://www.diversions.nl/pretest/#pp-toc-awl8by74ispz-anchor-2,0,187,0%,5.49
https://www.diversions.nl/contentmarketing-motor-groei/,0,182,0%,28.03
https://www.diversions.nl/onderzoeksruimte-apeldoorn/,0,161,0%,15.59
https://www.diversions.nl/onderzoeksbureau-reclame/,0,161,0%,25.49
https://www.diversions.nl/meet-seo-succes-google-analytics/,0,149,0%,43.08
https://www.diversions.nl/heatmaps/,0,142,0%,19.47
https://www.diversions.nl/rich-content/,0,136,0%,21.29
https://www.diversions.nl/insights/,0,128,0%,45.12
https://www.diversions.nl/nieuwe-website-vragen-vooraf/,0,124,0%,47.66
https://www.diversions.nl/copernica-automation-tools-langs-de-meetlat/,0,111,0%,23.78
https://www.diversions.nl/marketing-automation-plugin-voor-wordpress-wat-is-er-mogelijk/,0,97,0%,23.69
https://www.diversions.nl/overtuigingsprincipes/,0,91,0%,19.38
https://www.diversions.nl/onze-diensten/,0,63,0%,3.51
https://www.diversions.nl/pretest/#pp-toc-awl8by74ispz-anchor-3,0,58,0%,7.38
https://www.diversions.nl/e-motions-echte-emoties-op-het-web/,0,55,0%,14.38
https://www.diversions.nl/generation-journey/,0,53,0%,8.3
https://www.diversions.nl/cases-overzichtspagina/leefjepensioen/,0,48,0%,12.69
https://www.diversions.nl/onderzoek/,0,47,0%,7.17
https://www.diversions.nl/zoeken-met-google-wat-mensen-wensen/,0,47,0%,26.17
https://www.diversions.nl/thema/blog/,0,42,0%,53.45
https://www.diversions.nl/thema/blog/onderzoek/,0,40,0%,8.82
https://www.diversions.nl/5-tips-publiek-boeien-met-content/,0,39,0%,31.87
https://www.diversions.nl/cases-overzichtspagina/,0,37,0%,5.35
https://www.diversions.nl/project-starten/,0,34,0%,5.85
https://www.diversions.nl/rich-content-en-interactieve-afbeeldingen/,0,34,0%,55.06
https://www.diversions.nl/customer-journey-passend-bij-iedere-generatie/,0,33,0%,33.55
https://www.diversions.nl/cases-overzichtspagina/case-erfrechtshulp/,0,32,0%,18.94
https://www.diversions.nl/pretest/#pp-toc-awl8by74ispz-anchor-4,0,31,0%,6.55
https://www.diversions.nl/campagne-maag-lever-darm-stichting/,0,28,0%,30.32
https://www.diversions.nl/seo-waarde-tool/,0,27,0%,55.89
https://www.diversions.nl/sitemap/,0,23,0%,6.39
https://www.diversions.nl/privacy-statement/,0,21,0%,16.67
https://www.diversions.nl/seo-marketing/interne-inbound-links/,0,21,0%,57.67
https://www.diversions.nl/homepage-optimalisatie-sliders-gebruiken-of-niet/,0,20,0%,38.5
https://www.diversions.nl/ai-onderzoek/,0,15,0%,6.73
https://www.diversions.nl/cases-overzichtspagina/case-ggnet/,0,15,0%,36.47
https://www.diversions.nl/diversions-aan-de-wieg-van-generatiemarketing-nl/,0,12,0%,9.33
https://www.diversions.nl/conversie-optimalisatie-onderzoek/,0,11,0%,48.73
https://www.diversions.nl/communicatiebureau/,0,10,0%,5.5
https://www.diversions.nl/wp-content/uploads/2015/05/top50_social_media.pdf,0,10,0%,7.2
https://www.diversions.nl/customer-journey-kpi-dashboards/,0,10,0%,9.3
https://www.diversions.nl/cookie-statement/,0,10,0%,24
https://www.diversions.nl/wp-content/uploads/2021/12/template-customer-journey.pdf,0,9,0%,10.56
https://www.diversions.nl/multivariate-testing/,0,9,0%,14.78
https://www.diversions.nl/waardevolle-content/,0,8,0%,30.12
https://www.diversions.nl/wp-content/uploads/2016/06/osb.pdf,0,6,0%,5.83
https://www.diversions.nl/basic-seo-koppel-search-console-aan-analytics/,0,6,0%,6.5
https://www.diversions.nl/wp-rocket/,0,6,0%,15
https://www.diversions.nl/marketing-innovatie-adviseur/,0,6,0%,17.83
https://www.diversions.nl/content-recycling-omdat-nieuw-niet-altijd-beter/,0,5,0%,10.8
https://www.diversions.nl/automation-resultaat/,0,5,0%,23
https://www.diversions.nl/van-kennisquiz-tot-mbti-test-je-maakt-het-in-wordpress/,0,4,0%,4.75
https://www.diversions.nl/journey-de-kracht-van-het-klantperspectief/,0,4,0%,6.75
https://www.diversions.nl/diary-study/#pp-toc-pgwvea3y0tu2-anchor-0,0,4,0%,8.25
https://www.diversions.nl/diary-study/#pp-toc-pgwvea3y0tu2-anchor-2,0,4,0%,8.25
https://www.diversions.nl/diary-study/#pp-toc-pgwvea3y0tu2-anchor-3,0,4,0%,8.25
https://www.diversions.nl/framing-ontdek-het-breingeheim/#framing-hoe-kunnen-we-het-verklaren,0,3,0%,3
https://www.diversions.nl/framing-ontdek-het-breingeheim/#praktijkvoorbeeld-van-framing-,0,3,0%,3
https://www.diversions.nl/thema/blog/journey/,0,3,0%,6.67
https://www.diversions.nl/de-weg-naar-klantfrustratie-is-geplaveid-met-goede-bedoelingen/,0,3,0%,22.33
https://www.diversions.nl/wordpress-bureau-tijd-voor-online-groei/,0,3,0%,42
https://www.diversions.nl/search-console/,0,2,0%,1
https://www.diversions.nl/wp-content/uploads/2023/02/PRPA-Jaaroverzicht-2022.pdf,0,2,0%,5.5
https://www.diversions.nl/beperkte-keuze-de-waarde-voor-marketing/#beperkte-keuze-hoe-kunnen-we-het-verklaren,0,2,0%,9
https://www.diversions.nl/beperkte-keuze-de-waarde-voor-marketing/#praktijkvoorbeeld-van-beperkt-keuze,0,2,0%,9
https://www.diversions.nl/online-marketing-utrecht/,0,2,0%,9
https://www.diversions.nl/wp-content/uploads/2024/02/waardepropositie-canvas.png,0,2,0%,13
https://www.diversions.nl/design-sprint/#de-opbouw-van-de-sprint,0,1,0%,1
https://www.diversions.nl/design-sprint/#kenmerken-van-een-design-sprint,0,1,0%,1
https://www.diversions.nl/design-sprint/#programma-op-maat,0,1,0%,1
https://www.diversions.nl/priming-de-waarde-voor-marketing/#praktijkvoorbeeld-van-priming-,0,1,0%,4
https://www.diversions.nl/priming-de-waarde-voor-marketing/#priming-hoe-kunnen-we-het-verklaren,0,1,0%,4
https://www.diversions.nl/thema/blog/optimalisatie/,0,1,0%,5
https://www.diversions.nl/wordpress-specialist/,0,1,0%,5
https://www.diversions.nl/wp-content/uploads/2016/03/poepwijzer.jpg,0,1,0%,5
https://www.diversions.nl/videocall-plannen/,0,1,0%,9
https://www.diversions.nl/72547-2/,0,1,0%,10
https://www.diversions.nl/besparen-op-marketingkosten-doe-het-met-beleid/#journey,0,1,0%,10
https://www.diversions.nl/besparen-op-marketingkosten-doe-het-met-beleid/#project,0,1,0%,10
https://www.diversions.nl/waardepropositie-ontwikkelen-template/#het-waardepropositie-canvas,0,1,0%,11
https://www.diversions.nl/waardepropositie-ontwikkelen-template/#startpunt-de-verwachtingen-van-je-doelgroep-,0,1,0%,11
https://www.diversions.nl/waardepropositie-ontwikkelen-template/#waardepropositie,0,1,0%,11
https://www.diversions.nl/wp-content/uploads/2016/11/kpi-dashboards.jpg,0,1,0%,12
https://www.diversions.nl/wp-content/uploads/2024/02/waardepropositie-template.png,0,1,0%,39
https://www.diversions.nl/wp-content/uploads/2024/02/waarde-propositie-1.png,0,1,0%,59