Meest uitgevoerde zoekopdrachten,Aantal klikken,Vertoningen,CTR,Positie
diversions,20,121,16.53%,7.99
coping voorbeelden,3,520,0.58%,2.86
waardepropositie canvas template,2,172,1.16%,9.24
patient journey template,2,78,2.56%,26.9
patient journey map template,2,35,5.71%,19.2
design sprint,1,1444,0.07%,29.83
unique selling point,1,1189,0.08%,14.37
copingstijlen,1,949,0.11%,11.03
pretest,1,494,0.2%,16.55
propositie onderzoek,1,456,0.22%,4.85
coping stijlen,1,364,0.27%,5.35
propositieontwikkeling,1,331,0.3%,6.24
unique selling point voorbeelden,1,238,0.42%,8.85
diary study,1,74,1.35%,6.69
pre test,1,59,1.69%,4.68
strategie communicatie,1,49,2.04%,20.18
framing marketing,1,40,2.5%,6.22
user diaries,1,18,5.56%,5.44
google rankings,1,16,6.25%,12.44
gratis ranking tool,1,12,8.33%,8.17
seo waarde,1,9,11.11%,6.22
william burghout,1,4,25%,2
marketing framing,1,3,33.33%,4.33
is google een getal,1,1,100%,1
conversie optimalisatie specialist,0,4708,0%,13.87
seo diensten,0,4615,0%,22.52
conversie optimalisatie bureau,0,4006,0%,36.66
linkbuilding,0,2303,0%,44.9
customer journey,0,1965,0%,79.37
conversie specialist,0,1859,0%,25.53
marketing automation,0,1667,0%,83.03
propositie,0,1654,0%,19.82
communicatiestrategie,0,1618,0%,41.16
online marketing bureau amersfoort,0,1596,0%,39.22
online marketing amersfoort,0,1541,0%,42.25
online marketing apeldoorn,0,1484,0%,32.93
bureau voor conversie optimalisatie,0,1474,0%,35.75
online marketing bureau apeldoorn,0,1469,0%,23.99
google ranking meten,0,1316,0%,5.84
ranking meten,0,1090,0%,5.42
seo-diensten,0,1070,0%,21.21
google ranking,0,949,0%,24.17
google ranking testen,0,861,0%,10.02
communicatie strategie,0,851,0%,24.21
online marketing bureau amsterdam,0,843,0%,56.06
usability onderzoek,0,837,0%,67.74
ranking google testen,0,787,0%,21.01
gebruikerstest,0,758,0%,9.36
a/b testen,0,748,0%,29.55
productlancering,0,737,0%,23.19
wat is coping gedrag,0,724,0%,7.53
online marketing amsterdam,0,705,0%,54.49
google ranking tools,0,697,0%,8.86
seo dienst,0,695,0%,30.64
kpi betekenis,0,693,0%,32.73
kpi dashboard,0,685,0%,50.77
google positie checker,0,680,0%,45.25
propositie marketing,0,678,0%,8.32
ab test,0,662,0%,43.12
marketingbureau apeldoorn,0,647,0%,28.7
customer journey optimalisatie,0,644,0%,32.43
seo linkbuilding,0,632,0%,33.4
ranking tool,0,622,0%,17.67
wat is mijn website ranking,0,581,0%,13
ranking tools,0,573,0%,21.29
a/b testing,0,551,0%,46.19
linkbuilding seo,0,538,0%,30.52
customer journeys,0,532,0%,56.25
waardepropositie,0,529,0%,51.99
google ranking analyse,0,523,0%,14.01
usp betekenis,0,522,0%,17.51
marketing automation bureau,0,522,0%,50.92
hoe hoog sta ik in google,0,511,0%,40.2
conversie bureau,0,504,0%,36.26
design sprint methode,0,498,0%,23.83
productlancering organiseren,0,496,0%,19.36
customer journey onderzoek,0,496,0%,41.57
gravity forms,0,494,0%,37.19
wat is een design sprint,0,491,0%,32.24
ranking google tool,0,488,0%,10.98
wat is usp,0,487,0%,8.78
ab testing,0,486,0%,45.63
ranking google,0,480,0%,28.57
propositie ontwikkeling,0,437,0%,7.81
online marketing uitbesteden apeldoorn,0,437,0%,42.63
conversie optimalisatie verbeteren,0,436,0%,40.11
link building,0,428,0%,62.14
mautic,0,426,0%,7.73
wanneer is google ontstaan,0,422,0%,7.87
marketing bureau apeldoorn,0,417,0%,32.71
copingstijl,0,411,0%,7.55
begrijpen,0,407,0%,11.86
propositie voorbeeld,0,398,0%,24.03
landingspagina optimalisatie,0,398,0%,32.73
conversie optimalisatie uitbesteden,0,397,0%,59.53
usp's,0,396,0%,24.49
propositie betekenis,0,396,0%,41.55
usability testen,0,382,0%,59.29
cro bureau,0,376,0%,42.69
productlanceringen,0,375,0%,25.87
gebruikerstesten,0,368,0%,13.32
marketing bureau amsterdam,0,368,0%,54.88
rank tool,0,356,0%,22.22
online marktonderzoek,0,353,0%,52.63
patient journey mapping,0,352,0%,14.14
google positie checken,0,351,0%,72.64
positie checker google,0,348,0%,54.74
ab testen,0,346,0%,26.45
online onderzoek,0,341,0%,17.91
wat is mijn positie in google,0,341,0%,74.69
patient journey,0,338,0%,27.78
google ranking seo tool,0,335,0%,14.91
positie google checken,0,331,0%,67.69
google rating tool,0,327,0%,8.98
rankingtool,0,327,0%,17.53
wat is een propositie,0,320,0%,20.56
conversie optimalisatie onderzoek,0,319,0%,38.04
propositie voorbeelden,0,318,0%,26.59
wanneer is google opgericht,0,317,0%,8.28
online marketingbureau apeldoorn,0,317,0%,28.51
rankings checken,0,315,0%,34.79
propositie bedrijf,0,308,0%,20.07
organisch verkeer,0,307,0%,22.9
wat is een usp,0,305,0%,8.06
betekenis propositie,0,305,0%,39.05
kpi voorbeelden,0,304,0%,19.19
propositie opstellen,0,303,0%,7.1
proposities voorbeelden,0,303,0%,23.72
product introductie,0,300,0%,23.29
linkbuilding system,0,299,0%,53.05
organische zoekresultaten,0,297,0%,37.69
onderzoeksbureau,0,294,0%,41.1
marketing propositie,0,292,0%,8.11
wat is linkbuilding,0,292,0%,39.12
proposities betekenis,0,287,0%,39.02
conversie optimalisatie consultant,0,285,0%,22.7
wat is propositie,0,284,0%,21.11
wat is een customer journey,0,284,0%,85.11
propositie schrijven,0,281,0%,37.49
unique selling points,0,280,0%,17.87
usp's betekenis,0,280,0%,18.49
hoe oud is google,0,278,0%,11.49
betekenis usp,0,278,0%,19.85
landingspagina optimaliseren,0,277,0%,22.17
innovatiebureau,0,273,0%,14.49
micro customer journey,0,273,0%,36.97
gebruikersonderzoek,0,272,0%,70.88
ab testen website,0,267,0%,32.56
verkoop propositie,0,260,0%,52.45
voorbeeld propositie,0,259,0%,23.69
marketing bureau amersfoort,0,259,0%,54.53
online marketing bureau hooglanderveen,0,256,0%,56.93
kpi's dashboard,0,255,0%,58.8
conversie-optimalisatie specialist,0,254,0%,9.09
marketingbureau amsterdam,0,249,0%,56.54
google positie check,0,247,0%,53.81
definitie propositie,0,246,0%,26.11
wat zijn usp's,0,245,0%,16.24
online marketingbureau amsterdam,0,245,0%,50.58
conversie optimalisatie helmond,0,243,0%,59.26
design sprint bureau,0,239,0%,21.08
wat is een verkooppropositie,0,239,0%,43.66
propositie marketing voorbeeld,0,238,0%,12.25
pensioencursus,0,236,0%,16.31
sales propositie,0,233,0%,14.22
ranking online tool,0,232,0%,51.73
wat is een kpi dashboard,0,231,0%,55.35
communicatiestrategie voorbeeld,0,226,0%,31.39
proposities,0,225,0%,13.25
product propositie,0,222,0%,20.09
business propositie,0,221,0%,15.7
content linkbuilding,0,221,0%,72.24
waarde propositie,0,219,0%,37.31
seo analytics en meten,0,217,0%,27.03
productintroductie,0,215,0%,19.49
innovatie bureau,0,213,0%,16.78
linkbuilding in seo,0,213,0%,31.82
voorbeelden propositie,0,212,0%,25.3
interactieve content,0,211,0%,13.69
linkbuilding betekenis,0,211,0%,41.88
productlanceringen online,0,209,0%,20.75
online productlancering,0,207,0%,22.12
virtuele productlancering,0,205,0%,28.61
design sprints,0,205,0%,44.33
online marketingbureau amersfoort,0,203,0%,38.94
klantreis template,0,200,0%,17.45
voorbeeld propositie bedrijf,0,200,0%,26.95
effect linkbuilding,0,200,0%,82.28
conversie consultant,0,198,0%,22.55
live product lanceren,0,196,0%,25.87
unique selling proposition,0,194,0%,19.95
coping,0,191,0%,11.21
gravity form,0,190,0%,36.87
gebruiksvriendelijkheid testen,0,189,0%,47.28
inzicht in kpi's,0,187,0%,51.39
customer journey specialist,0,187,0%,57.31
ab testing bureau,0,186,0%,2.9
klantreis optimalisatie,0,184,0%,43.96
gravityform,0,183,0%,36.03
wat is ab testen,0,182,0%,44.92
internetmarketing apeldoorn,0,179,0%,34.11
coping mechanisme,0,178,0%,8.35
productlancering uitzenden,0,175,0%,42.92
communicatiedoelstellingen,0,173,0%,43.29
nieuw product lanceren,0,170,0%,28.37
online marketing bureau montfoort,0,169,0%,61.98
waardepropositie voorbeeld,0,169,0%,62.76
zoekmachineoptimalisatie analytics en meten,0,168,0%,11.9
nps onderzoek,0,168,0%,27.02
communicatie oplossingen,0,167,0%,24.83
smart kpi voorbeeld,0,167,0%,25.17
usp afkorting,0,166,0%,6.16
ontwikkelen templates,0,166,0%,13.61
seo meten,0,165,0%,27.67
voorbeeld customer journey,0,165,0%,57.96
=== seo diensten ===,0,163,0%,41.59
kpi's meten,0,163,0%,53.78
wat betekent kpi,0,163,0%,54.97
nieuw product op de markt brengen,0,163,0%,69.88
ads apeldoorn,0,159,0%,30.38
waarom linkbuilding,0,158,0%,22.2
marketing automation uitbesteden,0,158,0%,80.21
internet marketing bureau amsterdam,0,157,0%,61.05
wat is een propositie marketing,0,156,0%,6.79
online product introductie,0,155,0%,19.74
kpi opstellen,0,155,0%,30.54
conversie expert,0,155,0%,35.72
seo positie checker,0,155,0%,66.43
ab-testen,0,150,0%,22.95
zoekwoord,0,149,0%,58.19
voorbeeld waardepropositie,0,149,0%,60.72
waar komt het woord google vandaan,0,147,0%,6.75
gebruikerstest website,0,144,0%,9.39
wie is google,0,142,0%,7.63
wat betekent google,0,141,0%,2.09
seo adviesrapport,0,141,0%,49.11
neuromarketing bureau,0,139,0%,10.96
online marketing bureaus amsterdam,0,139,0%,65.63
unique selling point betekenis,0,138,0%,7.03
propositie definitie,0,138,0%,41.11
koping gedrag,0,137,0%,11.52
pre-test,0,136,0%,12.1
communicatie strategie plan,0,136,0%,28.94
kpi dashboarding,0,136,0%,54.95
usp,0,135,0%,15.11
productlancering stappenplan,0,135,0%,18.44
a/b-testen,0,135,0%,29.69
pretest reclame,0,134,0%,7
nieuw product introduceren,0,134,0%,33.28
digitaal bureau amersfoort,0,133,0%,45.64
communicatie advies,0,131,0%,34.11
customer journey voorbeeld,0,131,0%,61.98
caser,0,130,0%,6.42
google zoekwoorden ranking,0,130,0%,35.96
dashboard kpi,0,129,0%,56.75
bedrijfscommunicatie optimaliseren,0,128,0%,19.96
propositie test,0,127,0%,11.01
wat is customer journey,0,127,0%,89.99
propositie aanscherpen,0,126,0%,9.79
google ranking tool,0,126,0%,10.35
product introducties,0,126,0%,24.19
innovatief,0,126,0%,49.52
ervaren conversie specialist,0,125,0%,16.82
customer journey verbeteren,0,124,0%,84.71
wie heeft google gemaakt,0,122,0%,9.92
voorbeeld propositie marketing,0,122,0%,10.84
online propositie,0,121,0%,16.55
kpi dashboard marketing eindhoven,0,121,0%,32.12
waar sta ik in google,0,121,0%,64.45
google search ranking,0,120,0%,29.14
marketing adviesbureau apeldoorn,0,119,0%,25.61
seo resultaten,0,119,0%,44.7
betekenis kpi,0,119,0%,58.96
conversie analyse,0,118,0%,48.68
marketingbureau amersfoort,0,118,0%,68.31
online communicatiestrategie,0,117,0%,21.85
checklist communicatieplan,0,116,0%,7.16
marketing apeldoorn,0,116,0%,58.88
gebruiksvriendelijkheid website testen,0,116,0%,59.97
conversie optimalisatie traject,0,116,0%,69.61
linkbuilding+seo,0,115,0%,28.48
customer journey strategie,0,115,0%,66.56
beste conversie specialist,0,114,0%,13.1
wat betekent usp,0,114,0%,17.78
seo+linkbuilding,0,114,0%,32.37
kpi's betekenis,0,114,0%,35.4
marktonderzoek online,0,114,0%,51.32
nieuwe producten lanceren,0,113,0%,23.53
digital marketing bureau amsterdam,0,113,0%,63.4
communicatie pretest,0,111,0%,8.4
conversie specialisten,0,111,0%,17.49
hoe lanceer je een nieuw product,0,110,0%,40.56
communicatieplan checklist,0,109,0%,6.73
website gebruikerstesten,0,109,0%,11.07
goede propositie,0,109,0%,22.05
voorbeeld van framing,0,109,0%,39.83
communicatiedoelstelling,0,109,0%,42.58
conversiespecialist,0,108,0%,37.58
hoe werkt linkbuilding,0,108,0%,70.04
innovatief idee,0,107,0%,14.67
onderzoeksruimte,0,106,0%,17.05
communicatie strategieën,0,106,0%,19.94
marktonderzoeksbureau amersfoort,0,106,0%,39.47
framing voorbeelden,0,106,0%,46.51
linkbuilding links,0,106,0%,67.43
google opgericht,0,105,0%,7.95
verschillende copingstijlen,0,105,0%,8.34
pretest communicatie,0,105,0%,9.29
usp voorbeelden,0,105,0%,15.69
pretest advertising,0,105,0%,18.89
7 copingstijlen,0,103,0%,10.2
sterke propositie,0,103,0%,20.02
kpi's opstellen,0,101,0%,47.61
customer journey vertaling,0,100,0%,38.74
concept sprint,0,100,0%,40.08
information journey,0,100,0%,40.62
interactieve contentvormen,0,99,0%,18.94
introductie nieuw product,0,99,0%,32.67
wie heeft google opgericht,0,98,0%,9.81
goede propositie voorbeeld,0,98,0%,25.01
website ab testen,0,98,0%,34.87
wat is een ab test,0,98,0%,35.83
internetbureau apeldoorn,0,98,0%,44
hoe lanceer ik een nieuw product,0,97,0%,31.47
onderzoek customer journey,0,97,0%,40.9
hoe breng je een product op de markt,0,97,0%,60.57
promotie nieuw product,0,96,0%,34.27
a/b tests,0,96,0%,34.99
website optimalisatie specialist,0,96,0%,40.72
wat is link building,0,96,0%,42.72
seo marketing,0,96,0%,64.44
usp (unique selling proposition),0,95,0%,14.09
framing technieken,0,95,0%,17.41
heatmaps & gebruikerstesten,0,95,0%,21.45
communicatie advies voorbeeld,0,95,0%,29.35
bereik je doelen met neuromarketing,0,95,0%,34.6
marketing nieuw product,0,95,0%,34.75
lead conversie,0,95,0%,37.69
wat is een zoekwoord,0,95,0%,41.05
conversie specialist amsterdam,0,95,0%,49.57
conversie optimalisatie tilburg,0,94,0%,40.66
onderzoeksbureau amersfoort,0,94,0%,41.24
wat is a b testen,0,94,0%,46.15
marketing automation ondersteuning,0,94,0%,63.47
product op de markt brengen,0,94,0%,71.6
training waardepropositie ontwikkelen,0,93,0%,34.92
design sprint faciliteren,0,93,0%,42.23
journey betekenis,0,93,0%,59.55
waar sta ik op google,0,93,0%,72.84
gravity forms nederlands,0,92,0%,35.83
optimalisatie onderzoek,0,91,0%,23.93
analyse van conversie,0,91,0%,36.56
wat is linkbuilding seo,0,91,0%,41.9
digitale marketing bureau amsterdam,0,91,0%,60.84
training waardepropositie,0,90,0%,51.52
online marketing onderzoek,0,89,0%,12.02
content ontwikkeling,0,89,0%,24.16
enovation patient journey,0,89,0%,30.83
conversie specialist breda,0,89,0%,35.48
van idee naar product,0,89,0%,75.09
wat is copingstijl,0,88,0%,8.36
productlancering locatie en strategie,0,88,0%,31.14
productlancering live,0,88,0%,37.56
contact strategie,0,88,0%,43.49
welke copingstijlen zijn er,0,87,0%,6.06
wie heeft google opgericht naam,0,87,0%,7.02
zoekverkeer,0,87,0%,8.53
copingsstijlen,0,87,0%,9.11
nps enquete,0,87,0%,16.66
conversietracking specialist,0,87,0%,31.51
a/b testen website,0,87,0%,32.89
productlancering laten organiseren,0,87,0%,42.76
internet marketing amsterdam,0,87,0%,58.51
ranking website tool,0,86,0%,79.13
copingsstijl,0,85,0%,6.93
selling point,0,85,0%,8.14
[design sprint],0,85,0%,24.95
[product design sprint],0,85,0%,41.56
conversie specialist inhuren,0,85,0%,44.48
de beste customer journey voor hotels,0,85,0%,59.79
merkonderzoek zorg,0,84,0%,14.12
site ranking tool,0,84,0%,31.48
hoe belangrijk is linkbuilding,0,84,0%,32.17
propositie strategie,0,84,0%,34.29
bedrijfs communicatiestrategie,0,83,0%,18.39
seo en linkbuilding,0,83,0%,32.33
oprichting google,0,82,0%,12.24
eye tracking onderzoek,0,82,0%,26.15
marktonderzoek amersfoort,0,82,0%,28.24
waarde propositie vernieuwen,0,82,0%,44.26
linkbuilding voor websites,0,82,0%,46.45
product design sprint,0,82,0%,76.48
merk propositie,0,81,0%,30.36
introductieplan nieuw product,0,80,0%,32.86
ab testen gebruikerservaring,0,80,0%,40.74
onderzoeksbureau zorgsector,0,80,0%,42.05
ab-testing,0,80,0%,45.19
marktpositie verbeteren,0,80,0%,53
ranking analyse,0,79,0%,10.43
kpi voorbeeld,0,79,0%,21.9
linkbuilding hoe en waarom,0,78,0%,28.86
website linkbuilding,0,77,0%,31.71
conversie optimalisatie scan,0,77,0%,45.18
van wie is google,0,76,0%,10.57
waardepositie,0,76,0%,33.55
product in de markt zetten,0,75,0%,34.25
nieuwe website,0,75,0%,54.47
contactstrategie,0,74,0%,29.11
kritieke prestatie indicatoren,0,74,0%,42.81
innovatie en ontwikkeling,0,74,0%,52.57
linkbuilding definitie,0,74,0%,53.68
coping stijl,0,73,0%,5.3
wanneer is google uitgevonden,0,73,0%,8.6
welke leads converteren,0,73,0%,33.75
social media bureau amersfoort,0,73,0%,37.97
online strategie bureau amsterdam,0,73,0%,43.21
een product op de markt brengen,0,73,0%,66.66
marketing automation met hubspot,0,72,0%,21.17
check google positie,0,72,0%,44.14
customer journey making,0,72,0%,60.68
brand design sprint,0,72,0%,69.89
wanneer kwam google uit,0,71,0%,7.35
waardeproposities,0,71,0%,66.56
voorbeelden kpi,0,70,0%,20.83
online strategie amersfoort,0,70,0%,36.94
kennis houding en gedrag,0,70,0%,37.26
waarom linkbuilding belangrijk is,0,69,0%,19.51
patient journey software,0,69,0%,34.39
wat is een a/b test,0,69,0%,38.09
hoe ontwikkel ik een nieuw product,0,69,0%,38.84
klant performance dashboard,0,69,0%,41.36
website onderzoek,0,69,0%,50.91
nieuw product voorstellen,0,69,0%,59.12
nieuwe product op de markt brengen,0,69,0%,71.43
productlancering strategie,0,68,0%,39.81
waardepropositie training,0,68,0%,45.21
waar komt google vandaan,0,67,0%,6.85
bing vs google seo,0,67,0%,8.06
marketing bureau in apeldoorn,0,67,0%,27.55
online bureau amsterdam,0,67,0%,38.84
marketing uitbesteden amersfoort,0,67,0%,75.7
procesinnovatie voorbeeld,0,66,0%,40.52
marketing bureaus amsterdam,0,66,0%,52.06
google ranking software,0,65,0%,24.18
wat is linkbuilden,0,65,0%,35.88
customer journey maken,0,65,0%,79.43
zoekwoord positie checker,0,65,0%,89.11
campagne pre test,0,64,0%,16.09
wat is merkpropositie,0,64,0%,18.97
innovatieve ideeen,0,64,0%,49.62
afkorting usp,0,63,0%,7.46
voorbeeld kpi,0,63,0%,23.98
hoe begin je in communicatie,0,63,0%,28.21
klantreis onderzoek,0,63,0%,42.6
merkpropositie stappenplan,0,62,0%,5.18
communicatiestrategie innovatietheorie,0,62,0%,20.39
cro uitbesteden,0,62,0%,47.52
conversieoptimalisatie bureau,0,62,0%,47.84
diversiteit en gen z,0,62,0%,73.27
marketingautomation,0,61,0%,75.93
kpi marketing automation,0,60,0%,9.38
wat is linkbuilding en waarom is het belangrijk,0,60,0%,22.03
communicatie-oplossingen,0,60,0%,58.42
communicatiestrategie bepalen,0,59,0%,15.32
wat is a/b testen?,0,59,0%,47.49
plan van aanpak nieuw product,0,59,0%,57.54
online marketing freelancer amersfoort,0,59,0%,73.58
groepsdicussies,0,58,0%,5.98
wat is linkbuilding en waarom belangrijk,0,58,0%,25.97
hoe rank je op google,0,58,0%,35.6
wat is a/b testing,0,58,0%,38.28
coping betekenis,0,58,0%,40
framing,0,58,0%,48.33
google positie controleren,0,58,0%,66.76
customer journey nederlands,0,58,0%,92.69
seo wierden,0,57,0%,1
gebruikerstests,0,57,0%,9.77
wie heeft google uitgevonden,0,57,0%,10.19
online marketingstrategie amersfoort,0,57,0%,42.21
erp met kpi dashboards,0,57,0%,64.16
usability onderzoek betekenis,0,57,0%,68.12
conversie optimalisatie audit,0,57,0%,83.65
gravityforms,0,56,0%,36.41
google rank tools,0,56,0%,40.73
wanneer google opgericht,0,55,0%,8.04
google oprichting,0,55,0%,8.84
productlancering streamen,0,55,0%,22.35
hoe hoog scoort mijn website in google,0,55,0%,52.53
link-building,0,55,0%,61.29
groepsdiscussie,0,54,0%,2.91
ranking in google,0,54,0%,30.74
hulp bij conversie optimalisatie,0,54,0%,43.28
productlancering in buitenland,0,54,0%,51.35
automations,0,54,0%,51.76
zoekwoord ranking,0,54,0%,93.13
nps vragenlijst,0,53,0%,18.36
waardepropositie ontwikkelen,0,53,0%,18.85
waardepropositie bedrijf,0,53,0%,50.25
usability onderzoek website,0,53,0%,75.02
actieve coping,0,52,0%,6
uvp betekenis,0,52,0%,7.1
het belang van linkbuilding,0,52,0%,21.85
onderzoek met simulatie,0,52,0%,42.94
waardepropositie definitie,0,52,0%,43.44
site:https://diversions.nl,0,52,0%,47.15
online marketing bedrijf amsterdam,0,52,0%,57.13
link+building,0,52,0%,63
waarde propositie canvas template,0,51,0%,5.29
digital marketing apeldoorn,0,51,0%,39
a/b test,0,51,0%,39.08
micro journeys,0,51,0%,47.12
linkbuilding teksten betekenis,0,51,0%,70.49
besparen op marketingkosten,0,50,0%,7.58
soorten copingstijlen,0,50,0%,9.14
communicatiestrategie bureau,0,50,0%,50.38
online marketing automation,0,50,0%,63.32
wat is waarde propositie,0,50,0%,68.26
product ontwikkelen,0,50,0%,69.92
automation marketing,0,50,0%,77.2
welke seo-diensten bieden de beste resultaten voor online groei?,0,49,0%,9.35
generatie z boek,0,49,0%,12.67
communicatiestrategie ontwikkelen,0,49,0%,18.51
onderzoek effectiviteit reclame,0,49,0%,28.86
kpi conversie optimalisatie,0,49,0%,33.69
kennis houding gedrag,0,49,0%,43.06
voordelen conversie optimalisatie,0,49,0%,53.76
conversion kpi,0,49,0%,67.35
innovatie proces,0,49,0%,78.33
wat is de customer journey,0,49,0%,84.43
deals toeschrijven aan marketing,0,48,0%,31.88
seo optimalisatie kosten,0,48,0%,48.27
rich content,0,47,0%,8.17
onderzoeksbureau zorg,0,47,0%,29.28
productlancering in het buitenland,0,47,0%,49.23
seo ranking,0,47,0%,61.53
customer journey mining,0,47,0%,78
wie heeft google bedacht,0,46,0%,9.85
professionele conversie optimalisatie,0,46,0%,32.5
online marketing bedrijven amsterdam,0,46,0%,52.96
communicatie strategie onderwijs,0,46,0%,68.54
linkbuilding systeem,0,46,0%,83.83
patient journey map,0,45,0%,20.38
communicatie uiting,0,44,0%,12.18
patient journey mapping template,0,44,0%,14.11
gebruikers test,0,44,0%,16.61
plan voor productlancering,0,44,0%,17.2
framing betekenis,0,44,0%,64.89
kpi zorg,0,43,0%,7.79
seo resultaten meten,0,43,0%,45.51
productlancering locatie,0,43,0%,49.65
link building betekenis,0,43,0%,71.86
customer journey management,0,43,0%,79.58
propositie ontwikkelen,0,42,0%,6.43
google ontstaan,0,42,0%,9.9
unit selling point,0,42,0%,17.38
product lancering,0,42,0%,22.62
pagina ranking,0,42,0%,31.12
product lanceren,0,42,0%,35
marketing linkbuilding,0,42,0%,39.55
branding bureau apeldoorn,0,42,0%,60.67
apeldoorn marketing,0,42,0%,71.38
coping mechanisme voorbeelden,0,41,0%,5.05
optimalisatie specialist,0,41,0%,10.12
sinds wanneer bestaat google,0,41,0%,11.37
unique selling point nederlands,0,41,0%,13.73
klantreis visualiseren,0,41,0%,59.88
a/b testing bureau,0,40,0%,3.17
wanneer is google gemaakt,0,40,0%,8.47
online marketing voor wordpress,0,40,0%,20.77
product ontwikkelen stappen,0,40,0%,52.65
conversie optimalisatie amersfoort,0,40,0%,74.3
analytics gebruiken voor seo,0,39,0%,14.21
marketing communicatie uiting,0,39,0%,16.18
internet marketing bureau apeldoorn,0,39,0%,22.51
customer journey template,0,39,0%,31.64
nieuw product in de markt zetten,0,39,0%,32.85
hoe bedenk je een nieuw product,0,39,0%,65.62
nieuw product op de markt,0,39,0%,73.49
unique selling point marketing,0,38,0%,16.29
seo bing,0,38,0%,18.84
communicatie strategie uitbesteden,0,38,0%,24.92
marketingkosten,0,38,0%,26.74
usability test vragenlijst,0,38,0%,41.29
simulatieonderzoek,0,38,0%,50.53
klantreisoptimalisatie,0,38,0%,64.66
wat doet een onderzoeksbureau,0,37,0%,2.76
diary studies,0,37,0%,6.62
neuromarketingbureau,0,37,0%,10.59
coping gedrag,0,37,0%,14.46
usp unique selling point,0,37,0%,15.38
linkbuilding uitleg,0,37,0%,34.54
mediabureau amersfoort,0,37,0%,40.92
innovatief product,0,37,0%,54.68
wat is marketing automation,0,37,0%,73.24
usp afkorting betekenis,0,36,0%,7.14
seo google analytics,0,36,0%,25.47
procesinnovatie,0,36,0%,39.72
product lancering locatie,0,36,0%,59.33
wat zijn unique selling points,0,35,0%,7.77
unique selling proposition betekenis,0,35,0%,9.86
unique selling points betekenis,0,35,0%,12.71
goede online ranking,0,35,0%,27
marketing seo,0,35,0%,68.77
hoe is google ontstaan,0,34,0%,9.15
oprichter google,0,34,0%,13.85
conversie optimalisatie definitie,0,34,0%,19.71
marketing kosten verlagen tool,0,34,0%,20.35
kpi's voorbeelden,0,34,0%,31.18
copingmechanismen,0,34,0%,40.29
betekenis waardepropositie,0,34,0%,40.79
internet marketing amersfoort,0,34,0%,42.97
onderzoek simulatie,0,34,0%,46.79
customer journey uitwerken,0,34,0%,47.71
product op de markt brengen stappenplan,0,34,0%,60.21
oplossingen producten opwikkelen,0,34,0%,66.76
digital marketing automation,0,34,0%,75.35
kosten seo,0,34,0%,77.41
usp betekenis nederlands,0,33,0%,12.48
usp unique selling,0,33,0%,15.85
marketingcommunicatie bureau apeldoorn,0,33,0%,19.09
marketing en communicatie strategie,0,33,0%,29.3
google linkbuilding,0,33,0%,38.67
wat is het meest innovatieve online marketing bureau?,0,33,0%,47.61
patient journey management platforms,0,33,0%,70.45
positie checken,0,33,0%,85.55
priming voorbeeld,0,32,0%,3.25
usp bepalen,0,32,0%,10.31
wat is een unique selling point,0,32,0%,12.47
mensen zochten ook naar,0,32,0%,15.81
wat betekent propositie,0,32,0%,21.22
priming,0,32,0%,23.56
pretesting,0,32,0%,25.12
de beste seo-diensten,0,32,0%,39.38
social media marketing apeldoorn,0,32,0%,39.97
pr bureau amersfoort,0,32,0%,44.47
customer journey automatiseren,0,32,0%,76.41
google betekenis,0,31,0%,3.13
ranking ermitteln,0,31,0%,9.61
wat betekent coping gedrag,0,31,0%,10.16
diensten & proposities,0,31,0%,18.48
a b testen,0,31,0%,23.84
zoekmachineoptimalisatie google analytics,0,31,0%,24
online klanttevredenheidsonderzoek,0,31,0%,28.23
lancering nieuw product,0,31,0%,43.97
wij kennen het geheim van google,0,31,0%,52.32
wat is een waardepropositie,0,31,0%,74.52
pre testing,0,30,0%,7.97
wie zijn de oprichters van google,0,30,0%,8.97
unique sellingpoint,0,30,0%,11.2
online onderzoeksbureau,0,30,0%,17
communicatie strategie opstellen,0,30,0%,21.3
stappenplan lancering nieuw product,0,30,0%,34.2
leadgeneratie bureau,0,30,0%,44.27
procesautomatisering kpi's en meetbare resultaten,0,30,0%,46.23
marketing communicatiestrategie,0,30,0%,52.33
internet marketing bureau amersfoort,0,30,0%,52.77
customer journey autobedrijf,0,30,0%,73.73
propositie positionering,0,30,0%,87.6
organische en betaalde zoekresultaten,0,29,0%,5.66
kpi voorbeelden zorg,0,29,0%,6.03
7 copingstrategieen,0,29,0%,12.86
kpi's workflow automatisering,0,29,0%,15.1
tijd besparen op marketing,0,29,0%,15.28
hubspot marketing automation,0,29,0%,17.93
productintroductie plan,0,29,0%,20.76
contentontwikkeling,0,29,0%,51.55
waardepropositie canvas voorbeeld,0,29,0%,53.31
innovatief zijn,0,29,0%,59.69
waardepropositie model,0,29,0%,61.52
customer experience onderzoek,0,29,0%,86.83
wat is een communicatie strategie,0,28,0%,15
online bureau apeldoorn,0,28,0%,17.29
marketing onderzoeksbureau amsterdam,0,28,0%,23.57
eigen product op de markt brengen,0,28,0%,78.71
innovatieve ondernemer,0,28,0%,85.21
patiëntbeleving verbeteren,0,27,0%,6.52
google wanneer uitgevonden,0,27,0%,10.33
seo ranking toolbar,0,27,0%,39.26
heatmaps,0,27,0%,45.33
wat is een kpi,0,27,0%,53.3
[gebruikersonderzoek],0,27,0%,62.48
marketing automation strategie,0,27,0%,81.41
webshop google ranking,0,26,0%,17.38
wat is een communicatiestrategie,0,26,0%,22.92
klanttevredenheidsonderzoek online,0,26,0%,27.92
marketing automation services,0,26,0%,36.54
service design sprint,0,26,0%,36.54
lancering product,0,26,0%,43.08
wat is marktpositie,0,26,0%,49.08
hoe een nieuw product op de markt brengen,0,26,0%,75.54
google vroeger,0,25,0%,7.08
productlancering site,0,25,0%,10.64
sprint planning design,0,25,0%,14.96
web ranking tool,0,25,0%,23.76
beter score google,0,25,0%,29.2
zoekwoorden ranking,0,25,0%,35.36
seo-resultaten,0,25,0%,53.8
waarom marketing automation,0,25,0%,54.8
seo werkzaamheden,0,25,0%,65.12
nieuw product op de markt brengen stappenplan,0,25,0%,75.8
hoe maak ik betere keuzes in marketing,0,24,0%,6.08
vormen van coping,0,24,0%,6.62
wat is copinggedrag,0,24,0%,7
sprint 5 - optimalisaties,0,24,0%,12.25
overtuigingsprincipes,0,24,0%,12.5
productlancering concepten,0,24,0%,12.79
ontwikkeling templates,0,24,0%,13.79
kpi maken,0,24,0%,24.83
een nieuw product,0,24,0%,65.29
doel marketing,0,24,0%,68.38
hoog in google ranken,0,24,0%,71.25
hubspot bureau,0,24,0%,80.88
wanneer was google gemaakt,0,23,0%,7.96
unique buying reason,0,23,0%,26.3
productlancering website,0,23,0%,28.3
wat is coping,0,23,0%,29.35
productlancering locaties,0,23,0%,39.48
cursus waardepropositie ontwikkelen,0,23,0%,40.48
framing voorbeelden media,0,23,0%,41.61
social media strategie amersfoort,0,23,0%,43.7
kpi dashboard voorbeeld,0,23,0%,54.91
online enquete,0,23,0%,57.09
kosten besparen organisatie,0,23,0%,68.13
patient journey management platform,0,23,0%,68.52
wat zijn waardeproposities,0,23,0%,71.26
marketing automatisering,0,23,0%,87.04
google wat betekent,0,22,0%,1.05
waar komt de naam google vandaan,0,22,0%,7.41
wat levert seo op,0,22,0%,10.64
cialdini overtuigingsprincipes,0,22,0%,21.5
customer experience template,0,22,0%,24.05
customer journey templates,0,22,0%,25.09
usp voorbeeld,0,22,0%,25.91
priming marketing,0,22,0%,27.23
prestatie indicatoren voorbeelden,0,22,0%,28.73
google ranking ermitteln,0,22,0%,36.05
customer journey optimaliseren,0,22,0%,36.27
usability test voorbeeld,0,22,0%,36.91
neuromarketing diensten,0,22,0%,38.32
online marketing montfoort,0,22,0%,48.59
design sprint hackathon,0,22,0%,56.18
nieuwe product,0,22,0%,64.82
seo marketing online,0,22,0%,74.18
een nieuw product op de markt brengen,0,22,0%,79.32
google 1996,0,21,0%,9.38
bepalen propositie,0,21,0%,17.9
strategie en communicatie,0,21,0%,21.33
goede doelen marketing,0,21,0%,24.95
conversie optimalisatie specialist inhuren,0,21,0%,34
journey template,0,21,0%,36.76
design sprint in 5 dagen,0,21,0%,37.05
innovatief bedrijf,0,21,0%,59.29
customizable patient journeys,0,21,0%,83.29
wat is unique selling point,0,20,0%,6.9
actieve copingstijl,0,20,0%,8.4
wie is de eigenaar van google,0,20,0%,10.6
conversie kpi,0,20,0%,15
uniek selling point,0,20,0%,16.9
waarom gebruikerstesten doen website,0,20,0%,22.7
zoekmachine ranking,0,20,0%,24.1
welke methodes worden gebruikt voor doelgroepselectie,0,20,0%,28
online solutions amsterdam,0,20,0%,32.25
klantinzicht,0,20,0%,34.75
waardepropositie ai,0,20,0%,44.25
hubspot automatiseringen,0,20,0%,50.75
kpi website,0,20,0%,51.4
keuzeparadox,0,20,0%,53.5
kritische prestatie indicatoren,0,20,0%,53.95
link building systems,0,20,0%,61.15
hoger in google ranken,0,20,0%,63.3
wat is waardepropositie,0,20,0%,78.65
innovatieproces model,0,20,0%,79.2
website optimalisatie voor gebruikerservaring,0,20,0%,81.95
links building,0,20,0%,86.35
waar staat usp voor,0,19,0%,1
propositieonderzoek,0,19,0%,3.89
seo waarder,0,19,0%,4.79
wie is de oprichter van google,0,19,0%,9.16
where do i rank,0,19,0%,10.21
wat is organisch verkeer,0,19,0%,13.47
wat is innovatief,0,19,0%,51.37
wat is framing,0,19,0%,53.53
seo nissewaard,0,18,0%,1
a/b testing specialist,0,18,0%,5.94
coping?,0,18,0%,6.94
pretesten,0,18,0%,7.06
patient journey voorbeeld,0,18,0%,8.89
uit welk land komt google,0,18,0%,9.83
unique selling,0,18,0%,13.44
a/b testing automation,0,18,0%,13.72
analyse website google ranking,0,18,0%,15
een nieuw product in de markt zetten,0,18,0%,28.72
hoe zet je een product in de markt,0,18,0%,29.22
wat is communicatiestrategie,0,18,0%,32.33
activecampaign bureau,0,18,0%,39.94
adverteren charitatieve instellingen,0,18,0%,45.5
interessetest marketing,0,18,0%,46.39
marketing amersfoort,0,18,0%,84.28
customer journey model,0,18,0%,84.44
customer experience journey,0,18,0%,93.39
wat betekend google,0,17,0%,1.12
wanneer werd google opgericht,0,17,0%,8.71
communicatie uitingen,0,17,0%,20.88
landingspagina conversie verbeteren,0,17,0%,25.18
website kpi dashboard,0,17,0%,27.88
kpi dashboards,0,17,0%,34.76
social media bureau apeldoorn,0,17,0%,35.71
website nodig,0,17,0%,40.18
bureau voor conversieoptimalisatie,0,17,0%,43.82
artikel linkbuilding,0,17,0%,45.18
webshop marketing automation,0,17,0%,55.06
online marketeers amsterdam,0,17,0%,58.53
website customer journey,0,17,0%,84.65
patienten journey,0,17,0%,87.76
customer journey fases,0,17,0%,88
"hoe ontwikkel ik een unieke waardepropositie die aansluit bij mijn 
doelgroep?. my location is netherlands.",0,16,0%,6.5
wanneer kwam google,0,16,0%,6.88
diversion,0,16,0%,7.06
marketing automation kpi,0,16,0%,7.38
betaalde zoekopdrachten,0,16,0%,11.44
mautic nederland,0,16,0%,12.94
innovatief handelen,0,16,0%,31.81
a b test,0,16,0%,34.44
a b testing,0,16,0%,37.25
ranking google checken,0,16,0%,45.5
marketing automation b2b,0,16,0%,56.94
proces innovatie,0,16,0%,67.06
gebruikservaring of gebruikerservaring,0,16,0%,72.31
fasen customer journey,0,16,0%,81.06
customer journey uitleg,0,16,0%,84.06
interne communicatie strategie,0,16,0%,86.75
betekenis google,0,15,0%,1.53
google weetjes,0,15,0%,1.73
waar staat google voor,0,15,0%,2.13
proposite,0,15,0%,2.53
eziner,0,15,0%,3.8
wat zijn usp,0,15,0%,6.67
wie is eigenaar van google,0,15,0%,10.2
reclame onderzoek,0,15,0%,15
marketing automation hubspot,0,15,0%,15.73
innovatie sprint,0,15,0%,16.13
conversie optimalisatie marketeer,0,15,0%,16.8
google analytics seo,0,15,0%,16.87
design sprint bedrijf,0,15,0%,17.27
voorbeelden van framing,0,15,0%,39.8
onlinemarketing amsterdam,0,15,0%,44.4
waardepropositie voor medewerkers,0,15,0%,45.47
internet marketingbureau amsterdam,0,15,0%,52.27
marketing automation inzetten,0,15,0%,57.8
kpi dashboard maken,0,15,0%,66.87
internetmarketing specialist apeldoorn,0,15,0%,89.47
propositie betekenis marketing,0,14,0%,5.5
leefjepensioen,0,14,0%,7.71
wat is een coping,0,14,0%,8.07
journey bureau,0,14,0%,8.21
soorten communicatiestrategie,0,14,0%,19.86
communicatie strategie voorbeeld,0,14,0%,22
unieke strategieën,0,14,0%,24.29
communicatiestrategie voorbeelden,0,14,0%,25.86
communicatie strateeg,0,14,0%,28.07
neuromarketing onderzoek,0,14,0%,34.86
onderzoek naar website,0,14,0%,41.86
betaald zoekverkeer,0,14,0%,42
productlancering organiseren belgie,0,14,0%,42.5
onderzoek online marketing,0,14,0%,47.86
internet en social media bureau amsterdam,0,14,0%,48.64
wat betekent framing,0,14,0%,56
google seo marketing,0,14,0%,56.86
seo prijzen,0,14,0%,63.57
communicatiebureau amersfoort,0,14,0%,65.21
conversie optimalisatie bedrijf,0,14,0%,70.71
marketing automation implementation,0,14,0%,79.07
wanneer is google ontwikkeld,0,13,0%,6.46
abtesten,0,13,0%,11.85
product innovatie bureau,0,13,0%,17
unique buying reasons,0,13,0%,21
test ab,0,13,0%,21.69
enquete bureau,0,13,0%,22.08
consumenteninzichten kwalitatief,0,13,0%,22.46
wat is priming,0,13,0%,24
kpi-dashboard,0,13,0%,27.69
framing voorbeeld,0,13,0%,31.54
focusgroep discussies,0,13,0%,32.54
linkbuilding marketing,0,13,0%,36.23
onderzoek bureau,0,13,0%,38.69
voorbeeld communicatiestrategie,0,13,0%,39.69
kpi doelstellingen,0,13,0%,40.15
product verbeteren,0,13,0%,41.15
design sprint amsterdam,0,13,0%,42.85
social media advertising bureau amsterdam,0,13,0%,52.23
senior conversie specialist,0,13,0%,53.85
social media bureau amsterdam,0,13,0%,56.62
b2b seo valkuilen,0,13,0%,56.85
gebruiksonderzoek,0,13,0%,59.15
zoekmachine optimalisatie prijzen,0,13,0%,71.31
seo specialist kosten,0,13,0%,83.15
kpi schema,0,12,0%,1
interactieve content op maat,0,12,0%,6.42
seo estimate,0,12,0%,6.58
wanneer google,0,12,0%,8.08
wat is een copingstijl,0,12,0%,8.08
coping.,0,12,0%,9.33
wat is uvp,0,12,0%,10.58
patient experience mapping,0,12,0%,13.67
kpi opstellen voorbeeld,0,12,0%,15.67
google analytics bureau,0,12,0%,21.42
ranking zoekmachine,0,12,0%,22.67
online marketing bureau in apeldoorn,0,12,0%,23.42
marketingkosten voorbeelden,0,12,0%,28
google ads bureau apeldoorn,0,12,0%,30.58
kantoren dashboard,0,12,0%,33.08
corporate communicatie strategie,0,12,0%,36.5
hubspot lead generatie,0,12,0%,38
coping mechanismen,0,12,0%,39.67
klantinzichten,0,12,0%,40.75
corporate communicatiestrategie,0,12,0%,40.83
connectie met je publiek,0,12,0%,45.17
internet en marketingbureau amsterdam,0,12,0%,52.33
usp marketing,0,12,0%,52.58
online marketing agency amsterdam,0,12,0%,53.33
marketing communicatie strategie,0,12,0%,53.83
dashboard kpi's,0,12,0%,63.25
seo-quickscan,0,12,0%,64
seo advies,0,12,0%,66.58
customer journey voorbeelden,0,12,0%,67.92
customer journey communicatie,0,12,0%,68.75
innovatie model,0,12,0%,80.17
kpi monitoring,0,12,0%,84.67
hoeveel seo,0,11,0%,4
ontwikkeling seo diensten,0,11,0%,4.18
e motions,0,11,0%,4.55
marktonderzoeksbureau nps,0,11,0%,10.82
wat betekent unique selling point,0,11,0%,11.27
oprichters google,0,11,0%,16.45
seo statistieken,0,11,0%,31.27
productpositionering onderzoek,0,11,0%,32.45
optimaliseren van testen,0,11,0%,32.91
kostenreductie,0,11,0%,36.09
a/b-testing,0,11,0%,37.09
online gebruikersonderzoek,0,11,0%,39.45
site ranking,0,11,0%,42.64
marketing kosten,0,11,0%,43.18
goed idee wat nu,0,11,0%,49.82
kpi marketing,0,11,0%,51.27
waardepropositie betekenis,0,11,0%,51.45
gravity forms ideal,0,11,0%,64.91
seo quickscan,0,11,0%,65.45
=== marketing automation ===,0,11,0%,66
gebruiksvriendelijkheid website onderzoek,0,11,0%,68.27
gebruikersonderzoek website,0,11,0%,70.27
seo marketing internet,0,11,0%,70.64
conversie optimaliseren,0,11,0%,70.73
seo kosten per maand,0,11,0%,73.64
klantervaring optimaliseren,0,11,0%,82.36
nalaten goed doel,0,11,0%,83.91
wanneer is google geboren,0,10,0%,7.1
unique selling proposition voorbeelden,0,10,0%,10.2
propositie marketeer,0,10,0%,10.8
product mogelijkheden,0,10,0%,16.1
heb ik een usp nodig,0,10,0%,16.3
dan jij,0,10,0%,17.9
de toekomst van fondsenwerving,0,10,0%,18.8
copingstrategieën,0,10,0%,23.3
organische en betaalde zoekresultaten verbeteren,0,10,0%,25
a b testen van vertalingen,0,10,0%,25.6
kpi opstellen voorbeelden,0,10,0%,27
conversie optimalisatie hellevoetsluis,0,10,0%,31.8
eigenaar google,0,10,0%,32.5
beter score in google,0,10,0%,34
concepten ontwikkelen,0,10,0%,34.5
design sprint prototype,0,10,0%,35.6
marktonderzoek nps,0,10,0%,38.3
copingmechanisme,0,10,0%,38.8
bureau conversie optimalisatie,0,10,0%,40.5
ranking online,0,10,0%,40.9
negatieve coping mechanisme,0,10,0%,42.6
customer journey format,0,10,0%,44.9
customers journeys,0,10,0%,46.5
voordelen enquete,0,10,0%,46.6
kpi formuleren,0,10,0%,47.3
wat betekent innovatief,0,10,0%,52
kpi rapportage,0,10,0%,52.6
inovatief,0,10,0%,52.9
digitale marketing amsterdam,0,10,0%,55.5
kpi uitzendbureau,0,10,0%,57
voorbeelden van innovatie,0,10,0%,57.8
lead generatie automatisering,0,10,0%,57.9
hoeveel kost seo,0,10,0%,58.1
wat is een usability test,0,10,0%,58.3
wat kost een zoekwoorden onderzoek,0,10,0%,58.3
wat kost seo,0,10,0%,59.3
beste online marketing bureau amsterdam,0,10,0%,63.9
betekenis framing,0,10,0%,67.4
customer journey betekenis,0,10,0%,67.5
marketing automation tool,0,10,0%,70.2
communicatiestrategie model,0,10,0%,71.7
stappenplan productontwikkeling,0,10,0%,73.7
conversie optimalisatie piramide,0,10,0%,74.5
seo nulmeting,0,10,0%,76
fases customer journey,0,10,0%,87.6